[
    {"id": 1, "nombre": "Blusa Vintage", "precio": 65000, "categoria": "Ropa"},
    {"id": 2, "nombre": "Tenis Urbanos", "precio": 150000, "categoria": "Zapatos"},
    {"id": 3, "nombre": "Chaqueta Oversize", "precio": 120000, "categoria": "Ropa"},
    {"id": 4, "nombre": "Falda de Jean", "precio": 80000, "categoria": "Ropa"},
    {"id": 5, "nombre": "Bolso Crossbody", "precio": 90000, "categoria": "Accesorios"},
    {"id": 6, "nombre": "Camiseta Gráfica", "precio": 45000, "categoria": "Ropa"},
    {"id": 7, "nombre": "Pantalón Cargo", "precio": 95000, "categoria": "Ropa"},
    {"id": 8, "nombre": "Vestido Floral", "precio": 110000, "categoria": "Ropa"},
    {"id": 9, "nombre": "Sandalias de Plataforma", "precio": 70000, "categoria": "Zapatos"},
    {"id": 10, "nombre": "Chaqueta Denim", "precio": 125000, "categoria": "Ropa"},
    {"id": 11, "nombre": "Aretes Minimalistas", "precio": 20000, "categoria": "Accesorios"},
    {"id": 12, "nombre": "Collar de Corazones", "precio": 30000, "categoria": "Accesorios"},
    {"id": 13, "nombre": "Sudadera Estampada", "precio": 100000, "categoria": "Ropa"},
    {"id": 14, "nombre": "Gorra Casual", "precio": 40000, "categoria": "Gorras"},
    {"id": 15, "nombre": "Set de Anillos", "precio": 18000, "categoria": "Accesorios"},
    {"id": 16, "nombre": "Blazer Elegante", "precio": 135000, "categoria": "Ropa"},
    {"id": 17, "nombre": "Botas Negras", "precio": 160000, "categoria": "Zapatos"},
    {"id": 18, "nombre": "Mochila Urbana", "precio": 85000, "categoria": "Accesorios"},
    {"id": 19, "nombre": "Crop Top Básico", "precio": 38000, "categoria": "Ropa"},
    {"id": 20, "nombre": "Short Deportivo", "precio": 50000, "categoria": "Ropa"},
    {"id": 21, "nombre": "Gorra con Logo", "precio": 45000, "categoria": "Gorras"},
    {"id": 22, "nombre": "Gorra Retro", "precio": 42000, "categoria": "Gorras"}
]
